[
    {
        "id": "1",
        "text": "how are you doing? #helth #status",
        "topics": [ "health", "status" ],
        "date": "2018-09-19T00:00:00"
    },
    {
        "id": "2",
        "text": "how is ur business going? #business",
        "topics": [ "business" ],
        "date": "2018-09-19T00:00:00"
    },
    {
        "id": "3",
        "text": "school is fun. #school",
        "topics": [ "school" ],
        "date": "2018-09-19T00:00:00"
    },
    {
        "id": "4",
        "text": "",
        "topics": [],
        "date": "2018-09-19T00:00:00"
    },
    {
        "id": "5",
        "text": "life is crazy #crazylife",
        "topics": [ "crazylife" ],
        "date": "2018-09-19T00:00:00"
    }
]
