[{"Value":"helth","NGrams":{"hel":1,"elt":1,"lth":1},"Id":"helth","CreatedAt":"2018-10-10T21:51:15.6083833+01:00","UpdatedAt":"0001-01-01T00:00:00+00:00"},{"Value":"status","NGrams":{"sta":1,"tat":1,"atu":1,"tus":1},"Id":"status","CreatedAt":"2018-10-10T21:51:15.6117505+01:00","UpdatedAt":"0001-01-01T00:00:00+00:00"},{"Value":"health","NGrams":{"hea":1,"eal":1,"alt":1,"lth":1},"Id":"health","CreatedAt":"2018-10-10T21:51:15.6118334+01:00","UpdatedAt":"0001-01-01T00:00:00+00:00"},{"Value":"business","NGrams":{"bus":1,"usi":1,"sin":1,"ine":1,"nes":1,"ess":1},"Id":"business","CreatedAt":"2018-10-10T21:51:15.6184724+01:00","UpdatedAt":"0001-01-01T00:00:00+00:00"},{"Value":"school","NGrams":{"sch":1,"cho":1,"hoo":1,"ool":1},"Id":"school","CreatedAt":"2018-10-10T21:51:15.6245778+01:00","UpdatedAt":"0001-01-01T00:00:00+00:00"},{"Value":"crazylife","NGrams":{"cra":1,"raz":1,"azy":1,"zyl":1,"yli":1,"lif":1,"ife":1},"Id":"crazylife","CreatedAt":"2018-10-10T21:51:15.631577+01:00","UpdatedAt":"0001-01-01T00:00:00+00:00"}]