[
    {
        "Text": "how are you doing? #helth #status",
        "Topics": [ "helth", "status", "health" ],
        "Date": "2018-09-19T00:00:00+01:00",
        "FilteredText": "how are you doing #helth #status",
        "DegreeOfSupport": 0.16666666666666666,
        "TweetJacards": {
            "1": 1.0,
            "2": 0.12,
            "3": 0.022727272727272728,
            "4": 0.0,
            "5": 0.0
        },
        "TweetJaccard": 1.0,
        "NGrams": {
            "how": 1,
            "ow ": 1,
            "w a": 1,
            " ar": 1,
            "are": 1,
            "re ": 1,
            "e y": 1,
            " yo": 1,
            "you": 1,
            "ou ": 1,
            "u d": 1,
            " do": 1,
            "doi": 1,
            "oin": 1,
            "ing": 1,
            "ng ": 1,
            "g #": 1,
            " #h": 1,
            "#he": 1,
            "hel": 1,
            "elt": 1,
            "lth": 1,
            "th ": 1,
            "h #": 1,
            " #s": 1,
            "#st": 1,
            "sta": 1,
            "tat": 1,
            "atu": 1,
            "tus": 1
        },
        "SpottingMeasures": {
            "helth": 4.499809670330265,
            "status": 4.7874917427820458,
            "health": 3.4011973816621555,
            "business": "-Infinity",
            "school": "-Infinity",
            "crazylife": "-Infinity"
        },
        "Id": "1",
        "CreatedAt": "0001-01-01T00:00:00+00:00",
        "UpdatedAt": "0001-01-01T00:00:00+00:00"
    },
    {
        "Text": "how is ur business going? #business",
        "Topics": [ "business" ],
        "Date": "2018-09-19T00:00:00+01:00",
        "FilteredText": "how is ur business going #business",
        "DegreeOfSupport": 0.16666666666666666,
        "TweetJacards": {
            "1": 0.12,
            "2": 1.0,
            "3": 0.05128205128205128,
            "4": 0.0,
            "5": 0.04878048780487805
        },
        "TweetJaccard": 1.0,
        "NGrams": {
            "how": 1,
            "ow ": 1,
            "w i": 1,
            " is": 1,
            "is ": 1,
            "s u": 1,
            " ur": 1,
            "ur ": 1,
            "r b": 1,
            " bu": 1,
            "bus": 2,
            "usi": 2,
            "sin": 2,
            "ine": 2,
            "nes": 2,
            "ess": 2,
            "ss ": 1,
            "s g": 1,
            " go": 1,
            "goi": 1,
            "oin": 1,
            "ing": 1,
            "ng ": 1,
            "g #": 1,
            " #b": 1,
            "#bu": 1
        },
        "SpottingMeasures": {
            "helth": "-Infinity",
            "status": "-Infinity",
            "health": "-Infinity",
            "business": 5.19295685089021,
            "school": "-Infinity",
            "crazylife": "-Infinity"
        },
        "Id": "2",
        "CreatedAt": "0001-01-01T00:00:00+00:00",
        "UpdatedAt": "0001-01-01T00:00:00+00:00"
    },
    {
        "Text": "school is fun. #school",
        "Topics": [ "school" ],
        "Date": "2018-09-19T00:00:00+01:00",
        "FilteredText": "school is fun #school",
        "DegreeOfSupport": 0.25,
        "TweetJacards": {
            "1": 0.022727272727272728,
            "2": 0.05128205128205128,
            "3": 1.0,
            "4": 0.0,
            "5": 0.066666666666666666
        },
        "TweetJaccard": 1.0,
        "NGrams": {
            "sch": 2,
            "cho": 2,
            "hoo": 2,
            "ool": 2,
            "ol ": 1,
            "l i": 1,
            " is": 1,
            "is ": 1,
            "s f": 1,
            " fu": 1,
            "fun": 1,
            "un ": 1,
            "n #": 1,
            " #s": 1,
            "#sc": 1
        },
        "SpottingMeasures": {
            "helth": "-Infinity",
            "status": "-Infinity",
            "health": "-Infinity",
            "business": "-Infinity",
            "school": 4.7874917427820458,
            "crazylife": "-Infinity"
        },
        "Id": "3",
        "CreatedAt": "0001-01-01T00:00:00+00:00",
        "UpdatedAt": "0001-01-01T00:00:00+00:00"
    },
    {
        "Text": "",
        "Topics": [],
        "Date": "2018-09-19T00:00:00+01:00",
        "FilteredText": "",
        "DegreeOfSupport": 0.0,
        "TweetJacards": {
            "1": 0.0,
            "2": 0.0,
            "3": 0.0,
            "4": "NaN",
            "5": 0.0
        },
        "TweetJaccard": 0.0,
        "NGrams": {},
        "SpottingMeasures": {
            "helth": "-Infinity",
            "status": "-Infinity",
            "health": "-Infinity",
            "business": "-Infinity",
            "school": "-Infinity",
            "crazylife": "-Infinity"
        },
        "Id": "4",
        "CreatedAt": "0001-01-01T00:00:00+00:00",
        "UpdatedAt": "0001-01-01T00:00:00+00:00"
    },
    {
        "Text": "life is crazy #crazylife",
        "Topics": [ "crazylife" ],
        "Date": "2018-09-19T00:00:00+01:00",
        "FilteredText": "life is crazy #crazylife",
        "DegreeOfSupport": 0.25,
        "TweetJacards": {
            "1": 0.0,
            "2": 0.04878048780487805,
            "3": 0.066666666666666666,
            "4": 0.0,
            "5": 1.0
        },
        "TweetJaccard": 1.0,
        "NGrams": {
            "lif": 2,
            "ife": 2,
            "fe ": 1,
            "e i": 1,
            " is": 1,
            "is ": 1,
            "s c": 1,
            " cr": 1,
            "cra": 2,
            "raz": 2,
            "azy": 2,
            "zy ": 1,
            "y #": 1,
            " #c": 1,
            "#cr": 1,
            "zyl": 1,
            "yli": 1
        },
        "SpottingMeasures": {
            "helth": "-Infinity",
            "status": "-Infinity",
            "health": "-Infinity",
            "business": "-Infinity",
            "school": "-Infinity",
            "crazylife": 5.3471075307174685
        },
        "Id": "5",
        "CreatedAt": "0001-01-01T00:00:00+00:00",
        "UpdatedAt": "0001-01-01T00:00:00+00:00"
    }
]